<Bindings>
	<Binding name="EXRT_OPEN" header="ExRT" category="Exorsus Raid Tools">
		GExRT.Options:Open()
	</Binding>
	<Binding name="EXRT_FIGHTLOG_OPEN" category="Exorsus Raid Tools">
		GExRT.F.FightLog_Open()
	</Binding>
	<Binding name="CLICK EXRTWM1:LeftButton" category="Exorsus Raid Tools" />
	<Binding name="CLICK EXRTWM2:LeftButton" category="Exorsus Raid Tools" />
	<Binding name="CLICK EXRTWM3:LeftButton" category="Exorsus Raid Tools" />
	<Binding name="CLICK EXRTWM4:LeftButton" category="Exorsus Raid Tools" />
	<Binding name="CLICK EXRTWM5:LeftButton" category="Exorsus Raid Tools" />
	<Binding name="CLICK EXRTWM6:LeftButton" category="Exorsus Raid Tools" />
	<Binding name="CLICK EXRTWM7:LeftButton" category="Exorsus Raid Tools" />
	<Binding name="CLICK EXRTWM8:LeftButton" category="Exorsus Raid Tools" />
	<Binding name="CLICK EXRTCWM:LeftButton" category="Exorsus Raid Tools" />
	<Binding name="CLICK EXRTTOGGLENOTE:LeftButton" category="Exorsus Raid Tools" />
</Bindings>